,Year,Month,Day,Plucking_date,Total yield weight per cycle (kg),Rainfall,Avg Temp,Relative humidity,Plucking_interval,Total_rain_mm,NDVI
0,2020,10,5,10/5/2020,4,0.8,26.4,82,0,0.8,0.806886588
1,2020,10,17,10/17/2020,2,6.06,26.26,86,12,72.7,0.804064198
2,2020,11,2,11/2/2020,2,3.09,26.24,86.75,16,49.4,0.799548373
3,2020,11,9,11/9/2020,4,31.16,25.83,88.29,7,218.1,0.7975727
4,2020,11,20,11/20/2020,1,31.78,25.52,90,11,349.6,0.794468071
5,2020,11,28,11/28/2020,4,3.94,25.69,86.88,8,31.5,0.792210159
6,2020,12,8,12/8/2020,3,3.65,25.94,86,10,36.5,0.789387768
7,2020,12,18,12/18/2020,7,4.92,25.39,85.4,10,49.2,0.79841727
8,2020,12,27,12/27/2020,3,8.37,25.13,89.33,9,75.3,0.800905118
9,2021,1,4,1/4/2021,3,12.26,25.13,88.62,8,98.1,0.800761838
10,2021,1,19,1/19/2021,5,15.27,24.91,89.93,15,229.1,0.796078125
11,2021,1,26,1/26/2021,5,3.3,25.21,85.71,7,23.1,0.767133458
12,2021,1,31,1/31/2021,3,9.16,25.06,87.8,5,45.8,0.744258018
13,2021,2,6,2/6/2021,5,9.03,25.17,86.67,6,54.2,0.721535058
14,2021,2,13,2/13/2021,4,2.4,25.14,85.57,7,16.8,0.695024939
15,2021,2,27,2/27/2021,4,2.8,25.83,85.57,14,39.2,0.6420047
16,2021,3,12,3/12/2021,5,3.32,25.95,81.31,13,43.1,0.733293427
17,2021,3,21,3/21/2021,5,5.76,25.89,84.67,9,51.8,0.751555148
18,2021,3,30,3/30/2021,6,8.07,25.82,86.44,9,72.6,0.746551099
19,2021,4,8,4/8/2021,8,1.34,27.12,83.22,9,12.1,0.629820623
20,2021,4,17,4/17/2021,5,4.6,26.28,86,9,41.4,0.651215049
21,2021,4,28,4/28/2021,7,3.03,26.83,86.18,11,33.3,0.528788573
22,2021,5,5,5/5/2021,8,10.81,26.54,87.43,7,75.7,0.450880816
23,2021,5,16,5/16/2021,11,9.26,26.58,87.64,11,101.9,0.32845434
24,2021,5,23,5/23/2021,9,5.51,27.2,86.29,7,38.6,0.291095113
25,2021,5,31,5/31/2021,8,15.34,26.81,84.62,8,122.7,0.310187092
26,2021,6,6,6/6/2021,8,8.48,26.35,86.67,6,50.9,0.324506076
27,2021,6,14,6/14/2021,9,10.06,26.34,86.12,8,80.5,0.343598055
28,2021,6,22,6/22/2021,7,2.7,26.86,83.62,8,21.6,0.75139324
29,2021,6,30,6/30/2021,9,6.63,26.16,87,8,53,0.756560978
30,2021,7,7,7/7/2021,7,13.1,25.99,88.57,7,91.7,0.761082749
31,2021,7,14,7/14/2021,10,12.39,26.3,85.43,7,86.7,0.765604519
32,2021,7,22,7/22/2021,15,5.21,26.73,84.38,8,41.7,0.623566109
33,2021,7,29,7/29/2021,12,13.16,25.97,87.86,7,92.1,0.284606866
34,2021,8,6,8/6/2021,14,6.36,26.35,86.25,8,50.9,0.431063062
35,2021,8,13,8/13/2021,12,12.96,25.9,87.57,7,90.7,0.559212234
36,2021,8,21,8/21/2021,13,4.36,26.1,86.12,8,34.9,0.647594532
37,2021,8,29,8/29/2021,11,12.84,25.61,88.75,8,102.7,0.639187
38,2021,9,12,9/12/2021,8,5.89,25.98,87.21,14,82.5,0.527324344
39,2021,9,23,9/23/2021,19,8.49,26.19,88.45,11,93.4,0.619415859
40,2021,10,2,10/2/2021,14,11.47,25.91,87.44,9,103.2,0.694763462
41,2021,10,10,10/10/2021,7,9.05,26.19,87.25,8,72.4,0.761739109
42,2021,10,19,10/19/2021,8,6.24,26.61,83.33,9,56.2,0.808662277
43,2021,10,24,10/24/2021,7,2.66,26.1,83.2,5,13.3,0.823897756
44,2021,10,31,10/31/2021,13,11.87,24.89,90,7,83.1,0.831953049
45,2021,11,11,11/11/2021,14,17.89,24.9,89.73,11,196.8,0.844611366
46,2021,11,12,11/12/2021,7,12,26.4,80,1,12,0.845762123
47,2021,11,21,11/21/2021,24,8.38,25.76,84.33,9,75.4,0.856118928
48,2021,11,29,11/29/2021,8,14.92,24.85,89.75,8,119.4,0.863806858
49,2021,12,7,12/7/2021,11,8.14,25.21,88.5,8,65.1,0.871494788
50,2021,12,22,12/22/2021,19,6.96,25.24,87.87,15,104.4,0.787991233
51,2022,1,4,1/4/2022,10,4.23,24.9,84.46,13,55,0.807329645
52,2022,1,15,1/15/2022,15,6.54,25.1,88.36,11,71.9,0.703504043
53,2022,1,28,1/28/2022,13,1.65,24.88,82,13,21.4,0.76389763
54,2022,2,5,2/5/2022,9,1.43,25.56,82.62,8,11.4,0.753066955
55,2022,2,20,2/20/2022,10,4.95,25.67,83,15,74.3,0.761038823
56,2022,3,5,3/5/2022,15,2.71,26.08,83,13,35.2,0.758899521
57,2022,3,20,3/20/2022,27,5.07,26.07,84.47,15,76.1,0.783795466
58,2022,4,2,4/2/2022,17,1.85,26.74,81.54,13,24,0.805575661
59,2022,4,9,4/9/2022,7,10.46,25.6,86.57,7,73.2,0.820981147
60,2022,4,23,4/23/2022,12,5.91,26.36,86.43,14,82.7,0.832385219
61,2022,5,8,5/8/2022,31,6.37,27.03,84.07,15,95.5,0.825336245
62,2022,5,22,5/22/2022,38,21.13,26.26,86.71,14,295.8,0.818757202
63,2022,6,5,6/5/2022,18,14.56,25.66,87.79,14,203.8,0.71150449
64,2022,6,17,6/17/2022,16,7.43,25.94,85.58,12,89.2,0.596039491
65,2022,7,2,7/2/2022,28,7.47,26.32,84.27,15,112.1,0.791172981
66,2022,7,17,7/17/2022,29,3.98,26.41,83.73,15,59.7,0.696852782
67,2022,7,29,7/29/2022,16,6.78,25.84,86.33,12,81.4,0.733461631
68,2022,8,13,8/13/2022,21,8.28,25.64,86.07,15,124.2,0.758248044
69,2022,8,28,8/28/2022,19,7.17,25.94,84.13,15,107.6,0.783034457
70,2022,9,1,9/1/2022,17,12.62,24.88,88.75,4,50.5,0.789644168
71,2022,9,25,9/25/2022,16,5.24,25.75,85.38,24,125.7,0.823594411
72,2022,10,8,10/8/2022,14,7.1,25.97,82.38,13,92.3,0.820341223
73,2022,10,10,10/10/2022,7,2.65,25.9,84.5,2,5.3,0.819840733
74,2022,10,24,10/24/2022,27,15.49,24.73,90.07,14,216.9,0.8163373
75,2022,11,2,11/2/2022,23,7.04,25.41,87.33,9,63.4,0.814085093
76,2022,11,12,11/12/2022,36,11.7,24.74,89.1,10,117,0.819103994
77,2022,11,20,11/20/2022,32,8.78,24.83,86.25,8,70.2,0.827130503
78,2022,12,3,12/3/2022,35,5.85,25.32,84.15,13,76,0.828757563
79,2022,12,17,12/17/2022,29,8.36,24.86,85.86,14,117,0.826847651
80,2022,12,28,12/28/2022,20,7.25,25.03,87.45,11,79.8,0.825347006
81,2023,1,7,1/7/2023,19,3.55,24.7,84.2,10,35.5,0.823645094
82,2023,1,21,1/21/2023,30,3.78,24.53,85.43,14,52.9,0.820509941
83,2023,1,31,1/31/2023,8,5.06,24.51,86.5,10,50.6,0.828843113
84,2023,2,2,2/2/2023,21,1.2,25.2,84,2,2.4,0.830509748
85,2023,2,12,2/12/2023,29,8.55,25.08,87.8,10,85.5,0.83884292
86,2023,2,26,2/26/2023,33,4.03,25.15,83.14,14,56.4,0.83792796
87,2023,3,12,3/12/2023,16,6.27,25.43,84.07,14,87.8,0.86325265
88,2023,3,16,3/16/2023,21,5.15,25.7,84.75,4,20.6,0.881283152
89,2023,3,26,3/26/2023,32,5.26,25.94,85.8,10,52.6,0.833947706
90,2023,4,9,4/9/2023,39,3.23,26.14,85.14,14,45.2,0.812331647
91,2023,4,22,4/22/2023,29,3.58,26.85,83.15,13,46.6,0.81944461
92,2023,5,3,5/3/2023,22,10.45,26.09,88.73,11,114.9,0.82546327
93,2023,5,15,5/15/2023,24,9.13,26.49,87,12,109.6,0.832029082
94,2023,5,28,5/28/2023,37,3.41,27.16,85.38,13,44.3,0.839142045
95,2023,6,9,6/9/2023,31,7.28,26.51,87.58,12,87.4,0.845707856
96,2023,6,24,6/24/2023,38,9.08,26.77,85.27,15,136.2,0.853915121
97,2023,7,11,7/11/2023,33,11.08,25.78,87.88,17,188.4,0.859824239
98,2023,7,23,7/23/2023,34,6.11,26.47,85.17,12,73.3,0.846035357
99,2023,8,5,8/5/2023,19,4.25,26.48,85.46,13,55.2,0.836699943
100,2023,8,19,8/19/2023,9,4.33,26.46,83.21,14,60.6,0.831817997
101,2023,8,21,8/21/2023,15,1.15,26.85,82.5,2,2.3,0.831120576
102,2023,9,3,9/3/2023,27,14.32,26.03,86.69,13,186.1,0.826330521
103,2023,9,10,9/10/2023,17,19.37,25.46,88.86,7,135.6,0.823589925
104,2023,9,24,9/24/2023,71,14.84,25.55,88.07,14,207.7,0.818108735
105,2023,9,30,9/30/2023,26,18.88,25.25,89.67,6,113.3,0.815759653
106,2023,10,15,10/15/2023,53,16.46,25.16,90.93,15,246.9,0.809886949
107,2024,1,16,1/16/2024,10,15.26,25.17,89.67,93,1419,0.74548005
108,2024,2,20,2/20/2024,14,2.5,26.29,81,35,87.4,0.81194546
109,2024,3,30,3/30/2024,18,3.66,27.25,78.85,39,142.6,0.707121899
110,2024,4,7,4/7/2024,10,5.44,27.11,85.75,8,43.5,0.675929265
111,2024,5,6,5/6/2024,7,8.02,27.45,85.72,29,232.6,0.715526813
112,2024,5,30,5/30/2024,41,23.59,26.57,89.67,24,566.1,0.734213971
113,2024,6,16,6/16/2024,6,9.66,26.69,86.59,17,164.3,0.747450708
114,2024,7,13,7/13/2024,42,8.23,26.33,87.04,27,222.3,0.822499185
115,2024,7,15,7/15/2024,10,5.2,26.65,85.5,2,10.4,0.822673844
116,2024,7,22,7/22/2024,12,4.5,26.7,86.14,7,31.5,0.823285152
117,2024,8,9,8/9/2024,8,8.86,26.57,85.94,18,159.4,0.824857086
118,2024,8,17,8/17/2024,8,17.24,25.72,89.12,8,137.9,0.825555723
119,2024,8,24,8/24/2024,26,15.83,25.84,88,7,110.8,0.826167031
120,2024,8,31,8/31/2024,30,7.73,26.36,83.57,7,54.1,0.826778339
121,2024,9,10,9/10/2024,12,12.36,26.17,86.9,10,123.6,0.781827734
122,2024,9,20,9/20/2024,7,6.41,26.28,86.3,10,64.1,0.668141276
123,2024,9,29,9/29/2024,20,9.18,26,87.22,9,82.6,0.565823464
124,2024,10,12,10/12/2024,35,11.78,25.9,87.08,13,153.1,0.625420053
125,2024,10,28,10/28/2024,19,9.23,25.57,88.12,16,147.6,0.745178424
126,2024,11,10,11/10/2024,23,10.48,25.42,88.62,13,136.3,0.8424821
127,2024,11,23,11/23/2024,55,17.94,25.13,91.23,13,233.2,0.839451331
128,2024,12,3,12/3/2024,15,8.36,25.46,86,10,83.6,0.837119969
129,2024,12,11,12/11/2024,10,5.34,25.67,86.38,8,42.7,0.83525488
130,2024,12,20,12/20/2024,22,10.57,25.5,90.22,9,95.1,0.602289373
131,2024,12,30,12/30/2024,22,6.62,25.31,86.8,10,66.2,0.418529454
132,2025,1,12,1/12/2025,35,11.84,24.67,91.62,13,153.9,0.544039368
133,2025,1,27,1/27/2025,23,13.09,24.58,91.6,15,196.4,0.6888585
134,2025,2,9,2/9/2025,27,5.77,25.12,86.15,13,75,0.806951767
135,2025,2,24,2/24/2025,23,1.35,25.89,80.13,15,20.2,0.779265612
136,2025,3,12,3/12/2025,27,7.68,25.55,86.75,16,122.9,0.789353917
137,2025,3,22,3/22/2025,13,9.14,25.83,87.4,10,91.4,0.688671185
138,2025,4,1,4/1/2025,5,6.29,26.11,86.7,10,62.9,0.543706261
139,2025,4,21,4/21/2025,22,10.14,25.96,89.5,20,202.8,0.84818933
140,2025,5,6,5/6/2025,33,7.69,26.43,87.8,15,115.4,0.608601334
141,2025,5,19,5/19/2025,32,8.55,26.77,85.46,13,111.2,0.73379385
142,2025,5,30,5/30/2025,24,7.96,26.77,87.91,11,87.6,0.839725979
143,2025,6,11,6/11/2025,16,11.35,26.51,87.08,12,136.2,0.82768141
144,2025,6,21,6/21/2025,16,10.02,25.82,89.2,10,100.2,0.795105424
145,2025,6,30,6/30/2025,14,6.16,26.26,87.78,9,55.4,0.779572414
146,2025,7,9,7/9/2025,13,3.69,26.92,83.11,9,33.2,0.764039404
147,2025,7,20,7/20/2025,20,13.65,25.95,87.82,11,150.1,0.745054613
148,2025,7,30,7/30/2025,26,8.64,25.78,87.7,10,86.4,0.721458543
149,2025,8,13,8/13/2025,33,6.06,25.81,86.71,14,84.8,0.652935893
150,2025,8,23,8/23/2025,21,3.65,26.12,84.9,10,36.5,0.603991144
151,2025,9,3,9/3/2025,16,7.07,26.11,85.45,11,77.8,0.550151919
152,2025,9,17,9/17/2025,28,4.21,26.53,83.07,14,58.9,0.715307539
153,2025,9,29,9/29/2025,25,12.26,25.62,88.25,12,147.1,0.853832702
154,2025,10,9,10/9/2025,21,3.64,26.41,82.9,10,36.4,0.868119784
155,2025,11,12,11/12/2025,29,8.5,25.78,86,34,289,0.810713133
156,2025,11,25,11/25/2025,15,22.36,24.85,91.54,13,290.7,0.829170037
157,2025,12,15,12/15/2025,22,15.33,24.75,89,20,306.6,0.866632676
158,2025,12,29,12/29/2025,19,6.01,25.04,88.36,14,84.1,0.835723323
159,2026,1,11,1/11/2026,15,3.08,25.09,86.46,13,40.1,0.82079279
160,2026,1,27,1/27/2026,13,1.61,24.96,83.5,16,25.8,0.823225671
161,2026,2,8,2/8/2026,13,10.18,24.89,88,12,122.2,0.812517794
162,2026,2,17,2/17/2026,13,8.68,24.94,87.33,9,78.1,0.804486886
163,2026,2,27,2/27/2026,18,10.38,25.43,88.6,10,103.8,0.800100827
164,2026,3,12,3/12/2026,23,1.76,25.75,80.38,13,22.9,0.776344873
165,2026,3,23,3/23/2026,9,5.22,26.19,83.27,11,57.4,0.799771179
166,2026,4,22,4/22/2026,10,4.96,26.78,84.17,30,148.9,0.808004762
167,2026,5,3,5/3/2026,15,10.92,26.59,88,11,120.1,0.815722892
168,2026,5,14,5/14/2026,29,15.09,26.1,90,11,166,0.81824704
169,2026,5,26,5/26/2026,26,7.89,26.92,85.25,12,94.7,0.821000656
170,2026,6,4,6/4/2026,21,7.93,27.03,84.89,9,71.4,0.823065868
171,2026,6,15,6/15/2026,18,7.05,26.89,85.64,11,77.5,0.817174638
172,2026,6,25,6/25/2026,19,6.81,26.52,85.9,10,68.1,0.78609415
173,2026,7,6,7/6/2026,22,5.24,26.9,82.36,11,57.6,0.784964745
174,2026,7,21,7/21/2026,21,2.93,27.19,82.47,15,43.9,0.783424646
175,2026,8,1,8/1/2026,18,8.03,27.04,82.64,11,88.3,0.782295241
176,2026,8,13,8/13/2026,17,10.67,26.03,86.83,12,128,0.781063162
177,2026,8,28,8/28/2026,27,8.49,26.22,86.4,15,127.4,0.780139104
178,2026,9,8,9/8/2026,19,3.55,26.96,82.27,11,39.1,0.780139104
