Year,Month ,Day,DATE,Total yield weight per cycle (kg),Rainfall,Avg Temp,Relative humidity,Day Since  last Pluck,NDVI
2020,10,5,10/5/2020,4,,,,0,
2020,10,17,10/17/2020,2,,,,12,
2020,11,2,11/2/2020,2,,,,16,
2020,11,9,11/9/2020,4,,,,7,
2020,11,20,11/20/2020,1,,,,11,
2020,11,28,11/28/2020,4,,,,8,
2020,12,8,12/8/2020,3,,,,10,
2020,12,18,12/18/2020,7,,,,10,
2020,12,27,12/27/2020,3,,,,9,
2021,1,4,1/4/2021,3,,,,8,
2021,1,19,1/19/2021,5,,,,15,
2021,1,26,1/26/2021,5,,,,7,
2021,1,31,1/31/2021,3,,,,5,
2021,2,6,2/6/2021,5,,,,6,
2021,2,13,2/13/2021,4,,,,7,
2021,2,27,2/27/2021,4,,,,14,
2021,3,12,3/12/2021,5,,,,13,
2021,3,21,3/21/2021,5,,,,9,
2021,3,30,3/30/2021,6,,,,9,
2021,4,8,4/8/2021,8,,,,9,
2021,4,17,4/17/2021,5,,,,9,
2021,4,28,4/28/2021,7,,,,11,
2021,5,5,5/5/2021,8,,,,7,
2021,5,16,5/16/2021,11,,,,11,
2021,5,23,5/23/2021,9,,,,7,
2021,5,31,5/31/2021,8,,,,8,
2021,6,6,6/6/2021,8,,,,6,
2021,6,14,6/14/2021,9,,,,8,
2021,6,22,6/22/2021,7,,,,8,
2021,6,30,6/30/2021,9,,,,8,
2021,7,7,7/7/2021,7,,,,7,
2021,7,14,7/14/2021,10,,,,7,
2021,7,22,7/22/2021,15,,,,8,
2021,7,29,7/29/2021,12,,,,7,
2021,8,6,8/6/2021,14,,,,8,
2021,8,13,8/13/2021,12,,,,7,
2021,8,21,8/21/2021,13,,,,8,
2021,8,29,8/29/2021,11,,,,8,
2021,9,12,9/12/2021,8,,,,14,
2021,9,23,9/23/2021,19,,,,11,
2021,10,2,10/2/2021,14,,,,9,
2021,10,10,10/10/2021,7,,,,8,
2021,10,19,10/19/2021,8,,,,9,
2021,10,24,10/24/2021,7,,,,5,
2021,10,31,10/31/2021,13,,,,7,
2021,11,11,11/11/2021,14,,,,11,
2021,11,12,11/12/2021,7,,,,1,
2021,11,21,11/21/2021,24,,,,9,
2021,11,29,11/29/2021,8,,,,8,
2021,12,7,12/7/2021,11,,,,8,
2021,12,22,12/22/2021,19,,,,15,
2022,1,4,1/4/2022,10,,,,13,
2022,1,15,1/15/2022,15,,,,11,
2022,1,28,1/28/2022,13,,,,13,
2022,2,5,2/5/2022,9,,,,8,
2022,2,20,2/20/2022,10,,,,15,
2022,3,5,3/5/2022,15,,,,13,
2022,3,20,3/20/2022,27,,,,15,
2022,4,2,4/2/2022,17,,,,13,
2022,4,9,4/9/2022,7,,,,7,
2022,4,23,4/23/2022,12,,,,14,
2022,5,8,5/8/2022,31,,,,15,
2022,5,22,5/22/2022,38,,,,14,
2022,6,5,6/5/2022,18,,,,14,
2022,6,17,6/17/2022,16,,,,12,
2022,7,2,7/2/2022,28,,,,15,
2022,7,17,7/17/2022,29,,,,15,
2022,7,29,7/29/2022,16,,,,12,
2022,8,13,8/13/2022,21,,,,15,
2022,8,28,8/28/2022,19,,,,15,
2022,9,1,9/1/2022,17,,,,4,
2022,9,25,9/25/2022,16,,,,24,
2022,10,8,10/8/2022,14,,,,13,
2022,10,10,10/10/2022,7,,,,2,
2022,10,24,10/24/2022,27,,,,14,
2022,11,2,11/2/2022,23,,,,9,
2022,11,12,11/12/2022,36,,,,10,
2022,11,20,11/20/2022,32,,,,8,
2022,12,3,12/3/2022,35,,,,13,
2022,12,17,12/17/2022,29,,,,14,
2022,12,28,12/28/2022,20,,,,11,
2023,1,7,1/7/2023,19,,,,10,
2023,1,21,1/21/2023,30,,,,14,
2023,1,31,1/31/2023,8,,,,10,
2023,2,2,2/2/2023,21,,,,2,
2023,2,12,2/12/2023,29,,,,10,
2023,2,26,2/26/2023,33,,,,14,
2023,3,12,3/12/2023,16,,,,14,
2023,3,16,3/16/2023,21,,,,4,
2023,3,26,3/26/2023,32,,,,10,
2023,4,9,4/9/2023,39,,,,14,
2023,4,22,4/22/2023,29,,,,13,
2023,5,3,5/3/2023,22,,,,11,
2023,5,15,5/15/2023,24,,,,12,
2023,5,28,5/28/2023,37,,,,13,
2023,6,9,6/9/2023,31,,,,12,
2023,6,24,6/24/2023,38,,,,15,
2023,7,11,7/11/2023,33,,,,17,
2023,7,23,7/23/2023,34,,,,12,
2023,8,5,8/5/2023,19,,,,13,
2023,8,19,8/19/2023,9,,,,14,
2023,8,21,8/21/2023,15,,,,2,
2023,9,3,9/3/2023,27,,,,13,
2023,9,10,9/10/2023,17,,,,7,
2023,9,24,9/24/2023,71,,,,14,
2023,9,30,9/30/2023,26,,,,6,
2023,10,15,10/15/2023,53,,,,15,
2024,1,16,1/16/2024,10,,,,93,
2024,2,20,2/20/2024,14,,,,35,
2024,3,30,3/30/2024,18,,,,39,
2024,4,7,4/7/2024,10,,,,8,
2024,5,6,5/6/2024,7,,,,29,
2024,5,30,5/30/2024,41,,,,24,
2024,6,16,6/16/2024,6,,,,17,
2024,7,13,7/13/2024,42,,,,27,
2024,7,15,7/15/2024,10,,,,2,
2024,7,22,7/22/2024,12,,,,7,
2024,8,9,8/9/2024,8,,,,18,
2024,8,17,8/17/2024,8,,,,8,
2024,8,24,8/24/2024,26,,,,7,
2024,8,31,8/31/2024,30,,,,7,
2024,9,10,9/10/2024,12,,,,10,
2024,9,20,9/20/2024,7,,,,10,
2024,9,29,9/29/2024,20,,,,9,
2024,10,12,10/12/2024,35,,,,13,
2024,10,28,10/28/2024,19,,,,16,
2024,11,10,11/10/2024,23,,,,13,
2024,11,23,11/23/2024,55,,,,13,
2024,12,3,12/3/2024,15,,,,10,
2024,12,11,12/11/2024,10,,,,8,
2024,12,20,12/20/2024,22,,,,9,
2024,12,30,12/30/2024,22,,,,10,
2025,1,12,1/12/2025,35,,,,13,
2025,1,27,1/27/2025,23,,,,15,
2025,2,9,2/9/2025,27,,,,13,
2025,2,24,2/24/2025,23,,,,15,
2025,3,12,3/12/2025,27,,,,16,
2025,3,22,3/22/2025,13,,,,10,
2025,4,1,4/1/2025,5,,,,10,
2025,4,21,4/21/2025,22,,,,20,
2025,5,6,5/6/2025,33,,,,15,
2025,5,19,5/19/2025,32,,,,13,
2025,5,30,5/30/2025,24,,,,11,
2025,6,11,6/11/2025,16,,,,12,
2025,6,21,6/21/2025,16,,,,10,
2025,6,30,6/30/2025,14,,,,9,
2025,7,9,7/9/2025,13,,,,9,
2025,7,20,7/20/2025,20,,,,11,
2025,7,30,7/30/2025,26,,,,10,
2025,8,13,8/13/2025,33,,,,14,
2025,8,23,8/23/2025,21,,,,10,
2025,9,3,9/3/2025,16,,,,11,
2025,9,17,9/17/2025,28,,,,14,
2025,9,29,9/29/2025,25,,,,12,
2025,10,9,10/9/2025,21,,,,10,
2025,11,12,11/12/2025,29,,,,34,
2025,11,25,11/25/2025,15,,,,13,
2025,12,15,12/15/2025,22,,,,20,
2025,12,29,12/29/2025,19,,,,14,
2026,1,11,1/11/2026,15,,,,13,
2026,1,27,1/27/2026,13,,,,16,
2026,2,8,2/8/2026,13,,,,12,
2026,2,17,2/17/2026,13,,,,9,
2026,2,27,2/27/2026,18,,,,10,
2026,3,12,3/12/2026,23,,,,13,
2026,3,23,3/23/2026,9,,,,11,
2026,4,22,4/22/2026,10,,,,30,
2026,5,3,5/3/2026,15,,,,11,
2026,5,14,5/14/2026,29,,,,11,
2026,5,26,5/26/2026,26,,,,12,
2026,6,4,6/4/2026,21,,,,9,
2026,6,15,6/15/2026,18,,,,11,
2026,6,25,6/25/2026,19,,,,10,
2026,7,6,7/6/2026,22,,,,11,
2026,7,21,7/21/2026,21,,,,15,
2026,8,1,8/1/2026,18,,,,11,
2026,8,13,8/13/2026,17,,,,12,
2026,8,28,8/28/2026,27,,,,15,
2026,9,8,9/8/2026,19,,,,11,
2026,,,,,,,,-46273,
2026,,,,,,,,0,
,,,,,,,,0,
,,,,,,,,0,
,,,,,,,,0,
,,,,,,,,0,
